호선명,역이름,관광지명,관광지 주소
5호선,여의나루,63 시티,서울특별시 영등포구 63로 50 한화금융센터_63
1호선,노량진,63빌딩,서울특별시 영등포구 여의동 63로 50
9호선,국회의사당,KBS,서울특별시 영등포구 여의공원로 13
5호선,여의도,KBS 홀,서울특별시 영등포구 여의공원로 13 한국방송공사
9호선,가양,KBS스포츠월드,서울특별시 강서구 공항대로 376 KBS88체육관
5호선,여의나루,LG 사이언스 홀,서울특별시 영등포구 여의대로 128
2호선,역삼,LG아트센터,서울특별시 강남구 논현로 508
6호선,디지털미디어시티,MBC WORLD 방송테마파크,서울특별시 마포구 성암로 267
4호선,명동,N서울타워,서울특별시 용산구 남산공원길 126
8호선,장지역,가든파이브,서울특별시 송파구 충민로 66 가든파이브라이프
8호선,가락시장,가락동 농수산물시장,서울특별시 송파구 양재대로 932 가락동 농수산물도매시장
3호선,신사,가로수길,서울특별시 강남구 신사동
1호선,방학,가을단풍길(상계근린공원내산책로),서울특별시 노원구 상계동
1호선,방학,간송옛집,서울특별시 도봉구 방학동
7호선,반포역,강남지하상가,서울특별시 강남구 강남대로 지하 396 이즈타워
5호선,강동,강풀만화거리,서울특별시 강동구 천호대로168가길 38-3
8호선,천호,강풀만화거리,서울특별시 강동구 천호대로168가길 38-3
6호선,안암,개운사,서울특별시 성북구 안암동5가 157-3
5호선,방화,개화산,서울특별시 강서구 개화동
5호선,거여역,거여공원,서울특별시 송파구 거여동
9호선,양천향교,겸재정선미술관,서울특별시 강서구 양천로47길 36
5호선,서대문,경교장,서울특별시 종로구 평동
1호선,소요산,경기북부어린이박물관,경기도 동두천시 평화로2910번길 46 (상봉암동)
6호선,이태원,경리단길,서울특별시 용산구 이태원동
3호선,경복궁,경복궁,서울특별시 종로구 사직로 161 경복궁
3호선,충무로,경성일보필동사옥터,서울특별시 중구 필동1가
4호선,충무로,경성일보필동사옥터,서울특별시 중구 필동1가
3호선,안국,경운동 민병옥 가옥,서울특별시 종로구 경운동
3호선,경복궁,경찰박물관,서울특별시 종로구 새문안로 41
5호선,광화문,경찰박물관,서울특별시 종로구 새문안로 41
1호선,신창,경찰충혼탑,충청남도 아산시 신창면 읍내리 670-4
5호선,서대문,경희궁,서울특별시 종로구 새문안로 55
6호선,이태원,고(엔틱)가구거리,서울특별시 용산구 이태원동
2호선,을지로4가,고당기념관,서울특별시 중구 저동2가
5호선,을지로4가,고당기념관,서울특별시 중구 저동2가
4호선,과천,과천향교,경기도 과천시 자하동길 18
6호선,효창공원앞,과학동아천문대,서울특별시 용산구 청파로 109
1호선,종각,관광안내전시관,서울특별시 중구 청계천로 40 한국관광공사 K-Style Hub 2층~5층
3호선,안국,관상감 관천대,서울특별시 종로구 계동
2호선,서울대입구,관악산,경기도 과천시 중앙동
3호선,충무로,관훈동 민씨가옥,서울특별시 중구 퇴계로34길 28
4호선,충무로,관훈동 민씨가옥,서울특별시 중구 퇴계로34길 28
1호선,종로5가,광장시장,서울특별시 종로구 창경궁로 88
5호선,광화문,광화문광장,서울특별시 종로구 세종대로 172
6호선,광흥창,광흥당,서울특별시 마포구 창전동
2호선,동대문역사문화공원,광희문,서울특별시 중구 광희동2가
4호선,동대문역사문화공원,광희문,서울특별시 중구 광희동2가
5호선,동대문역사문화공원,광희문,서울특별시 중구 광희동2가
6호선,신당,광희문,서울특별시 중구 광희동2가
7호선,논현,교보문고,서울특별시 서초구 강남대로 465 교보생명보험(주)서초사옥
5호선,광화문,교보문고,서울특별시 종로구 종로 1 교보생명빌딩
1호선,시청,구 러시아 공사관,서울특별시 중구 정동
2호선,시청,구 러시아 공사관,서울특별시 중구 정동
5호선,서대문,구 러시아 공사관,서울특별시 중구 정동
1호선,구로,구로기계공구상가,서울특별시 구로구 구로중앙로 198 구로기계공구상가
5호선,발산,구암공원,서울특별시 강서구 허준로5길 42
2호선,강남,국기원기념관,서울특별시 강남구 테헤란로7길 21
4호선,수유,국립 4.19묘지,서울특별시 강북구 수유동 580-1
4호선,대공원,국립과천과학관,경기도 과천시 상하벌로 110 국립과천과학관
3호선,남부터미널,국립국악박물관,서울특별시 서초구 남부순환로 2364
3호선,남부터미널,국립국악원,서울특별시 서초구 남부순환로 2364
3호선,경복궁,국립민속박물관,서울특별시 종로구 삼청로 37
6호선,고려대,국립산림과학원(홍릉수목원),서울특별시 동대문구 회기로 57
4호선,혜화,국립서울과학관,서울특별시 종로구 창경궁로 215 국립어린이과학관
7호선,남성,국립서울현충원,서울특별시 동작구 동작동 271-18
3호선,동대입구,국립중앙극장,서울특별시 중구 장충단로 59
1호선,이촌,국립중앙박물관,서울특별시 용산구 서빙고로 137
4호선,이촌,국립중앙박물관,서울특별시 용산구 서빙고로 137
6호선,녹사평,국립중앙박물관,서울특별시 용산구 서빙고로 137
4호선,대공원,국립현대미술관,경기도 과천시 광명로 313 국립현대미술관
4호선,동작,국립현충원,서울특별시 동작구 동작동 271-18
5호선,오목교,국제선센터 템플스테이,서울특별시 양천구 목동동로 167
9호선,국회의사당,국회의사당,서울특별시 영등포구 의사당대로 1
1호선,시청,궁중유물전시관,서울특별시 중구 정동
2호선,시청,궁중유물전시관,서울특별시 중구 정동
1호선,종로3가,권동진집터,서울특별시 종로구 돈의동
5호선,종로3가,권동진집터,서울특별시 종로구 돈의동
1호선,종로3가,권오설아지트터(6.10만세운동추진거점),서울특별시 종로구 장사동
5호선,종로3가,권오설아지트터(6.10만세운동추진거점),서울특별시 종로구 장사동
1호선,오산대,궐리사,경기도 오산시 매홀로 3 오산시궐리사
2호선,을지로입구,그레뱅뮤지엄,서울특별시 중구 을지로 23 을지로별관
5호선,방화,근린공원,서울특별시 강서구 금낭화로 176 방화근린공원관리사무소
5호선,신금호,금남시장,서울특별시 성동구 독서당로 303-7
5호선,신금호,금호산,서울특별시 성동구 금호동2가
9호선,중앙보훈병원,길동생태공원,서울특별시 강동구 천호대로 1291
5호선,길동,길동자연생태공원,서울특별시 강동구 천호대로 1291
5호선,까치산역,까치산 시장,서울특별시 강서구 강서로12길 14
6호선,창신역,낙산공원,서울특별시 종로구 낙산길 41
2호선,낙성대,낙성대,서울특별시 관악구 낙성대로 77 낙성대공원
3호선,종로3가,"낙원떡, 악기상가",서울특별시 종로구 낙원동
5호선,종로3가,"낙원떡, 악기상가",서울특별시 종로구 낙원동
1호선,시청,난타전용극장,서울특별시 중구 명동길 26 유네스코회관
2호선,시청,난타전용극장,서울특별시 중구 명동길 26 유네스코회관
4호선,회현,남대문,서울특별시 중구 세종대로 40
4호선,회현,남대문시장,서울특별시 중구 남대문시장4길 21
6호선,한강진역,남산(N서울타워),서울특별시 용산구 남산공원길 126
4호선,충무로,남산골 한옥마을,서울특별시 중구 퇴계로34길 28 남산골한옥마을
3호선,충무로,남산골한옥마을,서울특별시 중구 퇴계로34길 28 남산골한옥마을
6호선,한강진역,남산야외식물원,서울특별시 용산구 소월로 323
4호선,명동,남산케이블카,서울특별시 중구 소파로 83
8호선,산성,남한산성,경기도 광주시 남한산성면 산성리 산23
1호선,망월사,노강서원,경기도 의정부시 동일로122번길 153
1호선,노량진,노량진 수산시장,서울특별시 동작구 노들로 674 노량진수산물도매시장
9호선,노량진,노량진의밤 야간난전 2019,서울특별시 동작구 노량진로 178
1호선,소요산,노르웨이참전기념비,경기도 동두천시 상봉암동
1호선,녹천,노원 에코센터,서울특별시 노원구 덕릉로 460
1호선,종각,놀이똥산 서울점,서울특별시 종로구 인사동5길 41 하나빌딩 지하1층
4호선,대야미,누리천문대,경기도 군포시 대야2로 139
1호선,두정,다산농원,충청남도 천안시 서북구 성성동
3호선,동대입구,다산성곽길,서울특별시 중구 신당동 832
1호선,종로3가,단성사,서울특별시 종로구 묘동
5호선,종로3가,단성사,서울특별시 종로구 묘동
4호선,한대앞,단원조각공원,경기도 안산시 상록구 성호로 131 성호 이익 기념관
1호선,종로3가,대관원터,서울특별시 종로구 관수동
5호선,종로3가,대관원터,서울특별시 종로구 관수동
3호선,일원,대모산,서울특별시 강남구 개포동 대모산
4호선,혜화,대학로 예술의 거리,서울특별시 종로구 동숭동
1호선,시청,덕수궁,서울특별시 중구 세종대로 99 덕수궁
2호선,시청,덕수궁,서울특별시 중구 세종대로 99 덕수궁
5호선,광화문,덕수궁,서울특별시 중구 세종대로 99 덕수궁
1호선,시청,덕수궁 돌담길,서울특별시 중구 세종대로19길 24 영국대사관
2호선,시청,덕수궁 돌담길,서울특별시 중구 세종대로19길 24 영국대사관
1호선,시청,덕수궁미술관,서울특별시 중구 세종대로 99
2호선,시청,덕수궁미술관,서울특별시 중구 세종대로 99
3호선,원당,덕양서원,경기도 고양시 덕양구 고양대로 1445-46
1호선,보산,도담도담전래놀이연구소,경기도 동두천시 중앙로353번길 14
7호선,춘의,도당수목원,경기도 부천시 성곡로63번길 99
7호선,부천시청,도레미파크,경기도 부천시 소향로 197
1호선,방학,도봉구_1711-01서울유아숲체험장,서울특별시 도봉구 방학동 678
1호선,도봉산,도봉서원,서울특별시 도봉구 도봉산길 90
7호선,도봉산,도봉서원,서울특별시 도봉구 도봉산길 90
7호선,강남구청,도산 안창호 기념관,서울특별시 강남구 도산대로45길 20 도산전시관
7호선,강남구청역,도산공원,서울특별시 강남구 도산대로45길 20 도산전시관
3호선,독립문,독립문,서울특별시 서대문구 현저동 941
5호선,서대문,돈의문박물관마을,서울특별시 종로구 신문로2가 7-24
1호선,동묘앞,동관왕묘,서울특별시 종로구 숭인동
6호선,동묘앞,동관왕묘,서울특별시 종로구 숭인동
1호선,동대문,동대문,서울특별시 종로구 종로 288 흥인지문
2호선,동대문역사문화공원,동대문시장,서울특별시 중구 을지로6가
4호선,동대문역사문화공원,동대문시장,서울특별시 중구 을지로6가
5호선,동대문역사문화공원,동대문시장,서울특별시 중구 을지로6가
6호선,신당,동대문역사문화공원,서울특별시 중구 신당동
2호선,동대문역사문화공원,동대문역사문화공원,서울특별시 중구 을지로 281
4호선,동대문역사문화공원,동대문역사문화공원,서울특별시 중구 을지로 281
5호선,동대문역사문화공원,동대문역사문화공원,서울특별시 중구 을지로 281
2호선,동대문역사문화공원,동대문운동장기념관,서울특별시 중구 신당동 853
5호선,동대문역사문화공원,동대문운동장기념관,서울특별시 중구 신당동 853
1호선,소요산,동두천맛거리,경기도 동두천시 상봉암동
1호선,보산,동두천시외국인관광특구,경기도 동두천시 생연동
1호선,동두천중앙,두드림스파,경기도 동두천시 삼육사로 1041 지번
1호선,창동,둘리뮤지엄,서울특별시 도봉구 시루봉로1길 6
1호선,보산,드라마[응답하라1988]촬영지,경기도 동두천시 생연동
2호선,구의,드라마[응답하라1988]촬영지,서울특별시 광진구 자양동
7호선,뚝섬유원지,뚝섬유원지,서울특별시 광진구 자양동 427-1
1호선,종각,런닝맨 인사동점,서울특별시 종로구 인사동5길 41 하나빌딩 지하1층
3호선,원흥,렛츠런팜 원당,경기도 고양시 덕양구 서삼릉길 233-112
1호선,녹천,로보카폴리어린이교통공원,서울특별시 노원구 덕릉로 483
9호선,김포공항,롯데몰 김포공항,서울특별시 강서구 하늘길 77
2호선,잠실,롯데월드,서울특별시 송파구 올림픽로 240
8호선,잠실,롯데월드,서울특별시 송파구 올림픽로 240
2호선,잠실,롯데월드 민속관,서울특별시 송파구 올림픽로 240 롯데월드
8호선,잠실,롯데월드 민속관,서울특별시 송파구 올림픽로 240 롯데월드
2호선,잠실,롯데월드 아쿠아리움,서울특별시 송파구 올림픽로 300 롯데월드몰 B1
8호선,잠실,롯데월드 아쿠아리움,서울특별시 송파구 올림픽로 300 롯데월드몰 B1
6호선,이태원,루프탑 9room,서울특별시 용산구 녹사평대로46길 69
6호선,한강진역,리움미술관,서울특별시 용산구 이태원로55길 60-16
5호선,아차산,리틀엔젤스 예술회관,서울특별시 광진구 천호대로 664 선화예술중고등학교
5호선,마장,마장동 고기구이 골목,서울특별시 성동구 마장동 437
6호선,공덕,마포갈매기골목,서울특별시 마포구 도화동
6호선,월드컵경기장(성산)역,마포농수산물시장,서울특별시 마포구 월드컵로 235
6호선,공덕,마포전골목,서울특별시 마포구 만리재로 19
1호선,관악,만안교,경기도 안양시 만안구 석수동
6호선,망원,망리단길,서울특별시 마포구 망원동 403-7
6호선,망원,망원 한강공원,서울특별시 마포구 마포나루길 467 한강공원망원지구사무소
6호선,망원,망원시장,서울특별시 마포구 포은로8길 14
6호선,망원,망원정터,서울특별시 마포구 동교로8안길 23
1호선,망월사,망월사(경기),경기도 의정부시 망월로28번길 211-500 (호원동)
6호선,월드컵경기장(성산)역,매봉산,서울특별시 마포구 상암동
2호선,을지로입구,명동 패션의 거리,서울특별시 중구 명동2가
4호선,명동,명동성당,서울특별시 중구 명동길 74
9호선,등촌,목동깨비시장,서울특별시 양천구 목동중앙북로6길 5
9호선,등촌,목동도깨비시장,서울특별시 양천구 목동중앙북로6길 5
5호선,오목교,목동운동장,서울특별시 양천구 안양천로 939
1호선,동두천중앙,목행선선생묘역,경기도 동두천시 지행동
1호선,보산,못골생태공원,경기도 동두천시 생연동
5호선,올림픽공원(한국체대)역,몽촌토성,서울특별시 송파구 올림픽로 424 올림픽공원
8호선,몽촌토성,몽촌토성,서울특별시 송파구 올림픽로 424 올림픽공원
9호선,한성백제,몽촌토성,서울특별시 송파구 올림픽로 424 올림픽공원
1호선,동묘앞,묘각사 템플스테이,서울특별시 종로구 종로63가길 31
6호선,동묘앞,묘각사 템플스테이,서울특별시 종로구 종로63가길 31
7호선,까치울,무릉도원수목원,경기도 부천시 길주로 660
1호선,종로3가,무산자동맹회회관터,서울특별시 종로구 관수동
5호선,종로3가,무산자동맹회회관터,서울특별시 종로구 관수동
1호선,의정부,무한상상시민정원,경기도 의정부시 시민로 100
1호선,신도림,문래창작촌,서울특별시 영등포구 도림로128가길 13-8
2호선,문래,문래창작촌,서울특별시 영등포구 도림로128가길 13-8
4호선,혜화,문예회관,서울특별시 종로구 대학로8길 7
8호선,문정,문정동 로데오 거리,서울특별시 송파구 동남로4길 10
1호선,서울역,문화역서울 284,서울특별시 중구 통일로 1 서울역
4호선,서울역,문화역서울 284,서울특별시 중구 통일로 1 서울역
1호선,송탄,물놀이세상,경기도 평택시 서정북로 130 1층
1호선,오산대,물향기수목원,경기도 오산시 청학로 211
1호선,봉명,미나릿길벽화마을,충청남도 천안시 동남구 원성천1길 17 중앙동주민센터
1호선,남영,민주인권기념관,서울특별시 용산구 한강대로71길 37
4호선,숙대입구,민주인권기념관,서울특별시 용산구 한강대로71길 37
6호선,삼각지,민주인권기념관,서울특별시 용산구 한강대로71길 37
5호선,종로3가,박물관은살아있다 인사동점,서울특별시 종로구 인사동길 12
1호선,남영,박종철기념관,서울특별시 용산구 갈월동
6호선,삼각지,박종철기념관,서울특별시 용산구 갈월동
1호선,소요산,박찬호야구공원(2020년2월예정),경기도 동두천시 상봉암동 산6
1호선,창동,반딧불이 유아숲체험장,서울특별시 도봉구 해등로3길 48-11 초안산근린공원관리사무소
1호선,방학,발바닥공원,서울특별시 도봉구 방학동
6호선,대홍,밤섬,서울특별시 영등포구 여의도동 밤섬
9호선,신반포,방배동카페골목,서울특별시 서초구 방배동
1호선,종로5가,방산시장,서울특별시 중구 주교동
5호선,방이,방이 백제고분군,서울특별시 송파구 방이동
1호선,방학,방학동 도깨비시장,서울특별시 도봉구 도당로13다길 30
5호선,방화,방화근린공원,서울특별시 강서구 금낭화로 176 방화근린공원관리사무소
1호선,수원,방화수류정,경기도 수원시 팔달구 수원천로392번길 44-6 방화수류정
1호선,동묘앞,백남준기념관,서울특별시 종로구 종로53길 12-1
6호선,동묘앞,백남준기념관,서울특별시 종로구 종로53길 12-1
6호선,효창공원앞,백범기념관,서울특별시 용산구 효창원로 177-18
5호선,공덕,백범김구기념관,서울특별시 용산구 효창원로 177-18
1호선,소요산,벨기에.룩셈부르크참전기념탑,경기도 동두천시 상봉암동 13
1호선,도봉산,벽운계곡,서울특별시 노원구 상계동
7호선,도봉산,벽운계곡,서울특별시 노원구 상계동
2호선,신대방,보라매공원,서울특별시 동작구 여의대방로20길 33
7호선,보라매,보라매공원,서울특별시 동작구 여의대방로20길 33
7호선,보라매,보라매안전체험관,서울특별시 동작구 여의대방로20길 33
6호선,보문,보문사,서울특별시 성북구 보문사길 20 보문사
1호선,종각,보신각,서울특별시 종로구 종로 54 보신각
1호선,종각,보신각,서울특별시 종로구 종로 54 보신각
1호선,종로3가,"보신각앞3.1운동만세시위지,한성정부선포지",서울특별시 종로구 종로3가
5호선,종로3가,"보신각앞3.1운동만세시위지,한성정부선포지",서울특별시 종로구 종로3가
7호선,삼산체육관,볼베어파크,경기도 부천시 조마루로 2 웅진플레이도시 2층 볼베어파크
2호선,삼성,봉은사,서울특별시 강남구 봉은사로 531 봉은사
7호선,청담,봉은사,서울특별시 강남구 봉은사로 531 봉은사
9호선,봉은사,봉은사,서울특별시 강남구 봉은사로 531 봉은사
2호선,서울대입구,봉일온천,서울특별시 관악구 은천로 28 봉일프라자
6호선,봉화산,봉화산,서울특별시 중랑구 묵동
6호선,봉화산,봉화산옹기테마공원,서울특별시 중랑구 신내로21길 116
7호선,부천종합운동장,부천백만송이장미원,경기도 부천시 성곡로63번길 99 도당공원
7호선,까치울,부천식물원,경기도 부천시 길주로 660
7호선,까치울,부천어린이천문대,경기도 부천시 길주로561번길 24
7호선,까치울,부천자연생태공원,경기도 부천시 길주로 660
7호선,춘의,부천천문과학관,경기도 부천시 부천로264번길 117
7호선,삼산체육관,부천한옥체험마을,경기도 부천시 길주로 1
7호선,굴포천,부평 굴포누리 기후변화체험관,인천광역시 부평구 장제로 267
7호선,부평구청,부평문화의거리,인천광역시 부평구 부평문화로 78-2
1호선,광운대,북서울 꿈의숲,서울특별시 강북구 월계로 173
4호선,미아사거리,북서울꿈의숲,서울특별시 강북구 월계로 173
6호선,돌곶이역,북서울꿈의숲,서울특별시 강북구 월계로 173
1호선,성균관대,북수원 온천,경기도 수원시 장안구 서부로 2139 SK HUB BLUE
3호선,안국,북촌 한옥마을,서울특별시 종로구 계동길 37
1호선,도봉산,북한산국립공원,서울특별시 도봉구 도봉산길 86
7호선,도봉산,북한산국립공원,서울특별시 도봉구 도봉산길 86
1호선,의정부,북한산둘레길15구간,경기도 의정부시 의정부동
1호선,망월사,북한산둘레길16구간,경기도 의정부시 호원동
1호선,방학,북한산둘레길19구간,서울특별시 도봉구 방학동
6호선,독바위,북한산둘레길8구간,서울특별시 은평구 불광동
3호선,구파발,북한산성,경기도 고양시 덕양구 대서문길 375
4호선,수유,북한산성,경기도 고양시 덕양구 대서문길 375
9호선,석촌,불광사,서울특별시 송파구 백제고분로39길 35 대한불교조계종불광사
6호선,창신역,불교박물관,서울특별시 종로구 우정국로 55 조계사
4호선,상계,불암산,서울특별시 노원구 상계동
2호선,뚝섬,브릭캠퍼스 서울,"서울특별시 성동구 서울숲2길 32-14 갤러리아 포레 G층 더 서울라이티움 1,3관"
5호선,고덕,브이센터,서울특별시 강동구 아리수로61길 103
2호선,사당,사당동 백제요지,서울특별시 관악구 남현동
1호선,노량진,사육신 묘,서울특별시 동작구 노량진1동
9호선,노들,사육신공원,서울특별시 동작구 노량진로 191
3호선,경복궁,사직단,서울특별시 종로구 사직동
1호선,동두천중앙,사천서원,경기도 양주시 은현면 은현로382번길 52 (은현면)
6호선,동묘앞,산마루 놀이터,서울특별시 종로구 창신동 23-350
2호선,한양대,살곶이 다리,서울특별시 성동구 성수동1가
6호선,삼각지,삼각지대구탕골목,서울특별시 용산구 한강대로62가길 4
5호선,군자(능동)역(5),삼원페이퍼갤러리,서울특별시 중구 을지로35길 24
2호선,잠실,삼전도비,서울특별시 송파구 잠실로 148
8호선,잠실,삼전도비,서울특별시 송파구 잠실로 148
8호선,석촌,삼전도비,서울특별시 송파구 잠실로 148
3호선,안국,삼청동카페거리,서울특별시 종로구 삼청동 74-1
1호선,광운대,상상톡톡 미술관,서울특별시 강북구 월계로 173
1호선,보산,상패수변공원,경기도 동두천시 상패동
1호선,용산,새남터 순교성지,서울특별시 용산구 이촌로 80-8
1호선,보산,생연음식문화거리,경기도 동두천시 생연동
1호선,망월사,서계 박세당 고택(서계종가),경기도 의정부시 동일로128번길 36
1호선,망월사,서계박세당묘역,경기도 의정부시 장암동
7호선,장암,서계박세당사랑채,경기도 의정부시 장암동
6호선,망원,서교동최규하대통령가옥,서울특별시 마포구 서교동
3호선,독립문,서대문독립공원,서울특별시 서대문구 통일로 251 독립공원
3호선,독립문,서대문형무소역사관,서울특별시 서대문구 통일로 251 서대문형무소역사관
9호선,구반포,서래섬,서울특별시 서초구 반포동
6호선,구산역,서오릉,경기도 고양시 덕양구 서오릉로 334-32
2호선,선릉,서울 무형문화재 전수회관,서울특별시 강남구 봉은사로 406
7호선,강남구청,서울 무형문화재 전수회관,서울특별시 강남구 봉은사로 406
1호선,신이문,"서울 의릉(경종,선의왕후)",서울특별시 성북구 화랑로32길 146-20
6호선,디지털미디어시티,서울 코믹월드,서울특별시 강남구 남부순환로 3104 SETEC
4호선,경마공원,서울경마공원,경기도 과천시 경마공원대로 107
1호선,시청,서울광장,서울특별시 중구 을지로 12
2호선,시청,서울광장,서울특별시 중구 을지로 12
2호선,잠실,서울놀이마당,서울특별시 송파구 삼학사로 136 서울놀이마당
8호선,잠실,서울놀이마당,서울특별시 송파구 삼학사로 136 서울놀이마당
4호선,대공원,서울대공원 스카이리프트,경기도 과천시 막계동 366-6
4호선,대공원,서울대공원·서울랜드,경기도 과천시 광명로 181
4호선,대공원,서울대학공원산림욕장,경기도 과천시 대공원광장로 102
1호선,동묘앞,서울동묘,서울특별시 종로구 난계로27길 84 동묘공원
6호선,동묘앞,서울동묘,서울특별시 종로구 난계로27길 84 동묘공원
3호선,학여울,서울무역전시장,서울특별시 강남구 남부순환로 3104 SETEC
4호선,혜화,서울문묘,서울특별시 종로구 성균관로 31 성균관유림회관
9호선,선정릉,서울선릉과정릉,서울특별시 강남구 선릉로100길 1 선릉정릉
1호선,동대문,서울성곽,서울특별시 종로구 옥인6길 26-19
4호선,한성대입구,서울성곽,서울특별시 종로구 옥인6길 26-19
4호선,동대문,서울성곽,서울특별시 종로구 옥인6길 26-19
2호선,뚝섬,서울숲,서울특별시 성동구 뚝섬로 273
2호선,잠실,서울스카이 (제2롯데월드),서울특별시 송파구 올림픽로 300 117~123층
8호선,잠실,서울스카이 (제2롯데월드),서울특별시 송파구 올림픽로 300 117~123층
1호선,월계,서울시립 북서울미술관,서울특별시 노원구 동일로 1238
1호선,시청,서울시립미술관,서울특별시 중구 덕수궁길 61 서울시립미술관
2호선,시청,서울시립미술관,서울특별시 중구 덕수궁길 61 서울시립미술관
5호선,서대문,서울시립미술관,서울특별시 중구 덕수궁길 61 서울시립미술관
2호선,사당,서울시립미술관 남서울분관,서울특별시 관악구 남부순환로 2076 서울시립미술관
7호선,어린이대공원,서울시민안전체험관,서울특별시 광진구 능동로 216 어린이대공원
7호선,중계,서울시민천문대,서울특별시 노원구 동일로205길 13 노원우주학교
9호선,마곡나루,서울식물원,서울특별시 강서구 마곡동로 161
9호선,마곡나루,서울식물원,서울특별시 강서구 마곡동로 161
5호선,발산,서울식물원,서울특별시 강서구 마곡동로 161 서울식물원
1호선,제기동,서울약령시장,서울특별시 동대문구 약령중앙로 10
7호선,어린이대공원,서울어린이대공원놀이동산,서울특별시 광진구 능동로 216
7호선,어린이대공원,서울어린이대공원동물원,서울특별시 광진구 능동로 216
5호선,서대문,서울역사박물관,서울특별시 종로구 새문안로 55
2호선,종합운동장,서울종합운동장,서울특별시 송파구 올림픽로 25 서울종합운동장
9호선,종합운동장,서울종합운동장,서울특별시 송파구 올림픽로 25 서울종합운동장
1호선,도봉산,서울창포원,서울특별시 도봉구 마들로 916
7호선,도봉산,서울창포원,서울특별시 도봉구 마들로 916
1호선,신설동,서울풍물시장,서울특별시 동대문구 천호대로4길 21 서울풍물시장
6호선,망원,서울함 공원,서울특별시 마포구 마포나루길 407
1호선,서정리,서정 우물,경기도 평택시 서정동 733-7
7호선,이수역,서초 토요 벼룩시장,서울특별시 서초구 방배동 444-21
3호선,경복궁,서촌마을,서울특별시 종로구 필운대로 45
1호선,망월사,석림사(경기),경기도 의정부시 동일로122번길 177
8호선,석촌,석촌 백제고분,서울특별시 송파구 석촌동
2호선,잠실,석촌호수,서울특별시 송파구 잠실로 180
8호선,잠실,석촌호수,서울특별시 송파구 잠실로 180
9호선,송파나루,석촌호수(동호),서울특별시 송파구 잠실로 180
9호선,석촌고분,석촌호수(서호),서울특별시 송파구 잠실로 148
8호선,석촌,석촌호수공원,서울특별시 송파구 신천동
1호선,제기동,선농단,서울특별시 동대문구 제기동
6호선,안암,선농단,서울특별시 동대문구 제기동
4호선,성신여대입구,선잠단,서울특별시 성북구 성북동
2호선,선릉,선정릉,서울특별시 강남구 선릉로100길 1 선릉정릉
3호선,경복궁,성곡미술관,서울특별시 종로구 경희궁길 42 성곡미술관
5호선,광화문,성곡미술관,서울특별시 종로구 경희궁길 42 성곡미술관
5호선,광화문,성공회교회,서울특별시 중구 세종대로21길 15
2호선,성수,성수동수제화거리,서울특별시 성동구 연무장7길 15 삼한창고
1호선,종로5가,성제묘,서울특별시 중구 방산동
4호선,한대앞,성호기념관,경기도 안산시 상록구 성호로 131 성호(이익)기념관
7호선,반포역,세빛둥둥섬 전망공원,서울특별시 서초구 올림픽대로 683 세빛섬
9호선,신반포,세빛섬,서울특별시 서초구 올림픽대로 683
5호선,광화문,세종갤러리,서울특별시 종로구 세종대로 175
6호선,고려대,세종대왕기념관,서울특별시 동대문구 회기로 56
5호선,광화문,세종문화회관,서울특별시 종로구 세종대로 175
3호선,고속터미널,센트럴 시티,서울특별시 서초구 신반포로 176 센트럴시티
5호선,올림픽공원역,소마미술관,서울특별시 송파구 위례성대로 51
8호선,몽촌토성(평화의문)역,소마미술관,서울특별시 송파구 위례성대로 51
1호선,소요산,소요단풍문화제,경기도 동두천시 평화로2910번길 145 소요산관리사무소
1호선,소요산,소요산 토속음식마을,경기도 동두천시 봉동로6번길 15-26
1호선,소요산,소요산국민관광지,경기도 동두천시 상봉암동
1호선,소요산,소요산국민관광지야외음악당,경기도 동두천시 평화로2910번길 145 소요산관리사무소
1호선,소요산,소요산국민관광지캠핑장,경기도 동두천시 상봉암동
1호선,소요산,소요산산림욕장,경기도 동두천시 상봉암동 15-2
1호선,보산,소요산탑온천랜드,경기도 동두천시 장고갯로 161-35
1호선,동두천중앙,소요산탑유황온천,경기도 동두천시 장고갯로 161-35 (생연동)
1호선,소요산,소요생활체육공원,경기도 동두천시 상봉암동
5호선,왕십리,소월아트홀,서울특별시 성동구 왕십리로 281 성동문화회관
1호선,진위,소풍,경기도 평택시 진위면 하북3길 25-59
2호선,충청로,손기정기념관,서울특별시 중구 손기정로 101 손기정공원
9호선,송파나루,송리단길,서울특별시 송파구 백제고분로43길 23
1호선,송탄,송탄관광특구,경기도 평택시 신장동
5호선,우장산역,송화시장,서울특별시 강서구 강서로 263-29
7호선,수락산,수락산,서울특별시 노원구 상계동
1호선,수원,수원향교,경기도 수원시 팔달구 향교로 107-9 수원향교
1호선,수원,수원화성,경기도 수원시 장안구 영화동 320-2
1호선,수원,수원화성서남암문,경기도 수원시 팔달구 교동
1호선,수원,수원화성효원의종,경기도 수원시 팔달구 남창동 55-23
3호선,동대입구,수표교,서울특별시 종로구 관수동
3호선,동대입구,수표교,서울특별시 중구 장충동2가
3호선,백석,수피아,경기도 고양시 일산동구 강촌로26번길 7-4
5호선,여의나루,순복음교회,서울특별시 영등포구 국회대로76길 15
1호선,서울역,숭례문,서울특별시 중구 세종대로 40
4호선,서울역,숭례문,서울특별시 중구 세종대로 40
1호선,동두천,숭모재강릉김씨사당,경기도 동두천시 안흥동
6호선,보문,숲과사람들,서울특별시 성북구 안암로 145 5층 503호
5호선,목동,스페이스랩 목동센터,서울특별시 양천구 중앙로32길 75 2층 스페이스랩
3호선,종로3가,승동교회,서울특별시 종로구 인사동
5호선,종로3가,승동교회,서울특별시 종로구 인사동
5호선,광나루역,시립서울천문대,서울특별시 광진구 구천면로 2
1호선,종로3가,신간회창립본부터,서울특별시 종로구 관수동
5호선,종로3가,신간회창립본부터,서울특별시 종로구 관수동
7호선,신풍,신길벚꽃거리,서울특별시 영등포구 신길동
2호선,신당,신당동떡복이골목,서울특별시 신당동 304-684 청구역 2호선
6호선,신당,신당동떡복이골목,서울특별시 신당동 304-684 청구역 6호선
5호선,청구,신당동떡볶이타운,서울특별시 신당동 304-684 청구역 5호선
2호선,신당,신당동박정희대통령가옥,서울특별시 중구 다산로36가길 25
6호선,신당,신당동박정희대통령가옥,서울특별시 중구 다산로36가길 25
2호선,신림,신림동 순대타운,서울특별시 관악구 신림로59길 12 양지순대촌
5호선,광화문,신문박물관,"서울특별시 종로구 세종대로 152 일민미술관건물 5,6층"
3호선,신사,신사동 아구찜 골목,서울특별시 서초구 잠원동
3호선,신사,신사동간장게장골목,서울특별시 서초구 강남대로99길 28 새서울맨션
5호선,아차산,신성종합시장,서울특별시 광진구 영화사로 10
1호선,온양온천,신정관 온천탕,충청남도 아산시 시민로 385 신정관
1호선,신창,신정호,충청남도 아산시 신정로 616 신정호공원
1호선,신창,신정호국민관광지,충청남도 아산시 신정로 616 신정호공원
1호선,신창,신창향교,충청남도 아산시 신창면 서부남로840번길 29
1호선,온양온천,신천탕,충청남도 아산시 온천대로 1469
9호선,구반포,심산기념문화센터,서울특별시 서초구 사평대로 55
7호선,내방,심산김창숙기념관,"서울특별시 서초구 사평대로 55 서초구민체육센터,심산기념문화센터"
3호선,안국,쌈지길,서울특별시 종로구 인사동길 44 쌈지길
1호선,덕계,쏘쿡체험카페,경기도 양주시 청담로 191 2층 서편
7호선,삼산체육관,아인스워터월드,경기도 부천시 길주로 1
7호선,삼산체육관,아인스월드,경기도 부천시 도약로 1
1호선,망월사,아일랜드 캐슬,경기도 의정부시 장곡로 22
7호선,장암,아일랜드 캐슬,경기도 의정부시 장곡로 22
5호선,아차산,아차산공원,서울특별시 광진구 광장동 370-2 아차산 생태공원
5호선,아차산,아차산성,서울특별시 광진구 광장동
7호선,마들,아쿠아윌,서울특별시 노원구 한글비석로48길 25
3호선,주엽,아쿠아플라넷 일산,경기도 고양시 일산서구 한류월드로 282 아쿠아플라넷 일산
3호선,안국,아트선재센터,서울특별시 종로구 율곡로3길 87 아트선재센터
5호선,광나루역,악스코리아(AX-KOREA),서울특별시 광진구 구천면로 20
4호선,안산,안산다문화음식거리,경기도 안산시 단원구 원곡동 870
4호선,한대앞,안산식물원,경기도 안산시 상록구 성호로 113 안산식물원
6호선,창신역,안양암,서울특별시 종로구 창신5길 59-2
7호선,부천시청,안중근공원,경기도 부천시 송내대로 236
8호선,암사,암사동 선사주거지,서울특별시 강동구 올림픽로 875 암사선사유적전시관
8호선,암사,암사생태공원,서울특별시 강동구 암사동 616-1
7호선,강남구청,압구정로데오거리,서울특별시 강남구 신사동
5호선,둔촌동,애니멀 뮤지엄 더쥬,서울특별시 강동구 양재대로 1299 우용빌딩 2층
9호선,올림픽공원,애니멀 뮤지엄 더쥬,서울특별시 강동구 양재대로 1299 우용빌딩 2층
5호선,방화,약사사,서울특별시 강서구 금낭화로17길 261 약사사
2호선,충정로,약현성당,서울특별시 중구 청파로 447-1
3호선,양재,양재시민의 숲,서울특별시 서초구 매헌로 99
1호선,양주,양주 대모산성,경기도 양주시 어둔동
1호선,양주,양주향교,경기도 양주시 부흥로1423번길 50 (유양동)
9호선,양천향교,양천향교,서울특별시 강서구 양천로47나길 53
5호선,아차산,어린이대공원,서울특별시 광진구 능동로 216
7호선,어린이대공원,어린이대공원,서울특별시 광진구 능동로 216
3호선,동대입구,어영창터,서울특별시 중구 장충동2가
5호선,여의도,여의도 한강공원샛강생태공원,서울특별시 영등포구 여의도동 49
1호선,대방,여의도샛강생태공원,서울특별시 영등포구 여의도동 49
5호선,여의도,여의도샛강생태공원,서울특별시 영등포구 여의도동 49
1호선,종로3가,연강홀,서울특별시 종로구 종로33길 15
5호선,종로3가,연강홀,서울특별시 종로구 종로33길 15
1호선,방학,연산군묘,서울특별시 도봉구 방학동
1호선,회기,연화사(서울),서울특별시 동대문구 경희대로3길 56
5호선,영등포시장,영등포시장,서울특별시 영등포구 영등포로 225
2호선,을지로3가,영락교회,서울특별시 중구 수표로 33
3호선,을지로3가,영락교회,서울특별시 중구 수표로 33
1호선,종각,영풍문고,서울특별시 종로구 청계천로 41
1호선,종각,영풍문고,서울특별시 종로구 청계천로 41
6호선,고려대,영휘원,서울특별시 동대문구 청량리동
3호선,남부터미널,예술의 전당,서울특별시 서초구 남부순환로 2406 예술의전당
3호선,남부터미널,예술의 전당 한가람미술관,서울특별시 서초구 남부순환로 2406
1호선,종로3가,오세창집터,서울특별시 종로구 돈의동
5호선,종로3가,오세창집터,서울특별시 종로구 돈의동
4호선,오이도,옥구공원,경기도 시흥시 서해안로 277 론볼 경기장 운영센터
3호선,충무로,옥인동 윤씨가옥,서울특별시 중구 퇴계로34길 28
4호선,충무로,옥인동 윤씨가옥,서울특별시 중구 퇴계로34길 28
1호선,온양온천,온양온천랜드,충청남도 아산시 삼동로28번길 46
5호선,올림픽공원(한국체대)역,올림픽 벨로드롬,서울특별시 송파구 올림픽로 424
5호선,올림픽공원(한국체대)역,올림픽 수영장,서울특별시 송파구 올림픽로 424 올림픽공원
5호선,올림픽공원(한국체대)역,올림픽 체조경기장,서울특별시 송파구 올림픽로 424
5호선,올림픽공원(한국체대)역,올림픽 테니스경기장,서울특별시 송파구 올림픽로 424 올림픽공원
8호선,몽촌토성(평화의문)역,올림픽공원,서울특별시 송파구 올림픽로 424
9호선,올림픽공원,올림픽공원,서울특별시 송파구 올림픽로 424
9호선,올림픽공원,올림픽공원 들꽃마루,서울특별시 송파구 올림픽로 424 올림픽공원
5호선,올림픽공원(한국체대)역,올림픽홀,서울특별시 송파구 올림픽로 424
1호선,의왕,왕송호수,경기도 의왕시 초평동
6호선,삼각지,왜고개 성지,서울특별시 용산구 한강대로40길 46
3호선,양재,외교박물관,서울특별시 서초구 남부순환로 2572
1호선,소요산,요석공주별궁지,경기도 동두천시 상봉암동
7호선,면목,용마랜드,서울특별시 중랑구 망우로70길 118
7호선,용마산,용마폭포공원,서울특별시 중랑구 용마산로 250-12 용마폭포공원관리사무소
1호선,용산,용산 전자상가,서울특별시 용산구 한강로2가
4호선,이촌,용산가족공원,서울특별시 용산구 서빙고로 137 국립중앙박물관
6호선,녹사평,용산가족공원,서울특별시 용산구 서빙고로 137 국립중앙박물관
9호선,염창,용왕산근린공원,서울특별시 양천구 목동중앙로 143
5호선,올림픽공원(한국체대)역,우리금융아트홀,서울특별시 송파구 올림픽로 424 올림픽공원
5호선,방화,우리말꿈터,서울특별시 강서구 금낭화로 154
1호선,직산,우리역사문화협동조합,충청남도 천안시 서북구 직산읍 삼은1길 2
2호선,구의,우리유황온천,서울특별시 광진구 자양로5길 33
5호선,우장산역,우장산 공원,서울특별시 강서구 화곡로 302
3호선,안국,운현궁,서울특별시 종로구 삼일대로 464 운현궁
5호선,종로3가,운현궁,서울특별시 종로구 삼일대로 464 운현궁
7호선,삼산체육관,웅진플레이도시,경기도 부천시 조마루로 2
1호선,시청,원구단,서울특별시 중구 소공동
2호선,시청,원구단,서울특별시 중구 소공동
1호선,망월사,원도봉유원지,경기도 의정부시 호원동 230-85
3호선,주엽,원마운트,경기도 고양시 일산서구 한류월드로 300
3호선,주엽,원마운트 스노우파크,경기도 고양시 일산서구 한류월드로 300
1호선,망월사,원효사(경기),경기도 의정부시 망월로28번길 356
1호선,망월사,월남전참전기념비,경기도 의정부시 호원동
6호선,월드컵경기장(성산)역,월드컵경기장,서울특별시 마포구 성산동 515-39
6호선,망원,월드컵시장,서울특별시 마포구 포은로 120
2호선,충정로,유관순기념관,서울특별시 중구 통일로4길 30-1 유관순기념관
5호선,서대문,유관순기념관,서울특별시 중구 통일로4길 30-1 유관순기념관
6호선,화랑대,육군박물관,서울특별시 노원구 공릉동 1-1
5호선,여의도,윤중로 벚꽃길,서울특별시 영등포구 여의도동
6호선,역촌,은평문화예술회관,서울특별시 은평구 녹번로 16 은평문화예술회관
8호선,남한산성입구,은행식물원,경기도 성남시 중원구 은행로 72
1호선,종로3가,을지로노가리골목,서울특별시 중구 을지로 129 을지로3가역 3호선
5호선,종로3가,을지로노가리골목,서울특별시 중구 을지로 129 을지로3가역 3호선
6호선,새절,응암동 감자탕 골목,서울특별시 은평구 응암동
6호선,상월곡(한국과학기술연구원)역,의릉,서울특별시 성북구 화랑로32길 146-37 한국예술종합학교
1호선,의왕,의왕레일파크,경기도 의왕시 왕송못동로 221
1호선,의정부,의정부 음악극축제,경기도 의정부시 의정로 1 의정부예술의전당 및 의정부 시내일원
1호선,의정부,의정부로데오거리,경기도 의정부시 의정부동
1호선,의정부,의정부부대찌개거리,경기도 의정부시 태평로137번길 22-1
1호선,의정부,의정부소풍길(쌍둥이길),경기도 의정부시 의정부동 35-11
1호선,녹양,의정부의류타운,경기도 의정부시 녹양동
1호선,종로3가,이벽집터,서울특별시 종로구 관수동
5호선,종로3가,이벽집터,서울특별시 종로구 관수동
3호선,경복궁,이상의집,서울특별시 종로구 자하문로7길 18
2호선,을지로3가,이순신생가터,서울특별시 중구 인현동1가
3호선,을지로3가,이순신생가터,서울특별시 중구 인현동1가
6호선,이태원,이태원 관광특구,서울특별시 용산구 이태원동
1호선,소요산,이태조행궁지,경기도 동두천시 상봉암동
4호선,혜화,이화마을,서울특별시 종로구 이화장길 70-11
3호선,무악재,인왕산,서울특별시 종로구 무악동 산2-1
6호선,구산,인조별서유기비,서울특별시 은평구 역촌동
5호선,광화문,일민미술관,서울특별시 종로구 세종대로 152
3호선,대화,일산동물의왕국,경기도 고양시 일산서구 장수길 29
3호선,정발산,일산호수,경기도 고양시 일산동구 장항동
1호선,대방,자매공원,서울특별시 영등포구 의사당대로 166
1호선,소요산,자유수호평화박물관,경기도 동두천시 평화로2910번길 96-63 (상봉암동)
2호선,잠실새내,잠실 이랜드크루즈,서울특별시 송파구 잠실동
6호선,창신역,장수마을,서울특별시 성북구 삼선교로4길 186 구립삼선1동노인정
1호선,수원,장안문,경기도 수원시 팔달구 장안동
6호선,돌곶이역,장위시장,서울특별시 성북구 장위동 68-185
3호선,동대입구,장충단공원,서울특별시 중구 동호로 261
3호선,동대입구,장충단비,서울특별시 중구 장충동2가
3호선,동대입구,장충동 족발거리,서울특별시 중구 장충단로 176
3호선,동대입구,장충체육관,서울특별시 중구 동호로 241
4호선,삼각지,전쟁기념관,서울특별시 용산구 이태원로 29 전쟁기념관
6호선,삼각지,전쟁기념관,서울특별시 용산구 이태원로 29 전쟁기념관
1호선,종로3가,전태일기념관,서울특별시 종로구 청계천로 105 아름다운청년 전태일기념관
5호선,종로3가,전태일기념관,서울특별시 종로구 청계천로 105 아름다운청년 전태일기념관
1호선,종로3가,전협집터(대동단거점),서울특별시 종로구 봉익동
5호선,종로3가,전협집터(대동단거점),서울특별시 종로구 봉익동
2호선,합정,절두산 순교기념관,서울특별시 마포구 합정동
6호선,합정,절두산 순교기념관,서울특별시 마포구 합정동
2호선,왕십리,젊음의거리,서울특별시 성동구 행당동
1호선,시청,정동교회,서울특별시 중구 정동길 46 정동교회
2호선,시청,정동교회,서울특별시 중구 정동길 46 정동교회
1호선,시청,정동극장,서울특별시 중구 정동길 43 정동극장
2호선,시청,정동극장,서울특별시 중구 정동길 43 정동극장
5호선,서대문,정동극장,서울특별시 중구 정동길 43 정동극장
4호선,성신여대입구,정릉,서울특별시 성북구 아리랑로19길 116
1호선,종각,조계사,서울특별시 종로구 우정국로 55
1호선,망월사,조망바위,경기도 의정부시 장암동 산30
1호선,종로3가,조선교육협회회관터,서울특별시 중구 수표동
5호선,종로3가,조선교육협회회관터,서울특별시 중구 수표동
1호선,종로3가,조선여성동우회회관터,서울특별시 종로구 낙원동
5호선,종로3가,조선여성동우회회관터,서울특별시 종로구 낙원동
5호선,광화문,조선일보미술관,서울특별시 중구 세종대로21길 33 조선일보사
5호선,광화문,조흥 금융박물관,서울특별시 중구 세종대로 135-5 한국금융사박물관
1호선,종로3가,종로3가보쌈골목,서울특별시 종로구 관수동 42-1
5호선,종로3가,종로3가보쌈골목,서울특별시 종로구 관수동 42-1
1호선,종로3가,종로귀금속거리,서울특별시 종로구 종로3가
5호선,종로3가,종로귀금속거리,서울특별시 종로구 종로3가
1호선,종로3가,종묘,서울특별시 종로구 종로 157
3호선,종로3가,종묘,서울특별시 종로구 종로 157
3호선,종로3가,종묘,서울특별시 종로구 종로 157
5호선,종로3가,종묘,서울특별시 종로구 종로 157
5호선,종로3가,종묘,서울특별시 종로구 종로 157
1호선,종로3가,종묘외대문,서울특별시 종로구 훈정동
5호선,종로3가,종묘외대문,서울특별시 종로구 훈정동
1호선,의정부,직동테마공원,경기도 의정부시 의정부동
4호선,혜화,"짚, 풀 생활사 박물관",서울특별시 종로구 성균관로4길 45
4호선,혜화,창경궁,서울특별시 종로구 창경궁로 185 창경궁
3호선,안국,창덕궁,서울특별시 종로구 율곡로 99
3호선,종로3가,창덕궁,서울특별시 종로구 율곡로 99
5호선,종로3가,창덕궁,서울특별시 종로구 율곡로 99
3호선,안국,천도교 수운회관,서울특별시 종로구 삼일대로 457
3호선,안국,천도교중앙대교당,서울특별시 종로구 경운동
7호선,수락산,천상병공원,서울특별시 노원구 상계동 1006-4
8호선,암사,천호동 공원,서울특별시 강동구 올림픽로 702 해공도서관
5호선,광화문,청계광장,서울특별시 종로구 서린동 14-1
6호선,동묘앞,청계천(다산교),서울특별시 종로구 창신동
6호선,동묘앞,청계천(맑은내다리),서울특별시 종로구 창신동
6호선,동묘앞,청계천(영도교),서울특별시 종로구 숭인동
5호선,왕십리,청계천문화관,서울특별시 성동구 청계천로 530 청계천박물관
2호선,방배,청권사,서울특별시 서초구 방배동
7호선,내방,청권사,서울특별시 서초구 방배동
2호선,방배,청권사부묘소,서울특별시 서초구 방배동
7호선,청담,청담공원,서울특별시 강남구 청담동 66
7호선,청담,청담동명품거리,서울특별시 강남구 청담동 145
6호선,창신역,청룡사,서울특별시 종로구 동망산길 65
3호선,경복궁,청와대사랑채,서울특별시 종로구 효자동 150
3호선,안국,체신기념관,서울특별시 종로구 우정국로 59
4호선,수리산,초막골생태공원,경기도 군포시 산본동 917-3
1호선,종로3가,최시형순교지,서울특별시 종로구 묘동
5호선,종로3가,최시형순교지,서울특별시 종로구 묘동
4호선,상록수,최용신기념관,경기도 안산시 상록구 샘골서길 64 상록수공원 내 최용신기념관
5호선,광화문,칭경기념비각,서울특별시 종로구 세종로 142-3
9호선,신논현,카카오프렌즈 강남 플래그십 스토어,서울특별시 서초구 강남대로 429
1호선,방학,코리아원스텝,서울특별시 도봉구 마들로 684-19 서원아파트
2호선,삼성,코엑스 아쿠아리움,서울특별시 강남구 영동대로 513
9호선,봉은사,코엑스 아쿠아리움,서울특별시 강남구 영동대로 513
7호선,청담,코엑스아쿠아리움,서울특별시 강남구 영동대로 513
2호선,삼성,코엑스전시장,서울특별시 강남구 영동대로 513 코엑스
9호선,봉은사,코엑스전시장,서울특별시 강남구 영동대로 513 코엑스
7호선,어린이대공원,키즈오토파크,서울특별시 광진구 능동로 216 어린이대공원
1호선,종로3가,탑골공원,서울특별시 종로구 종로 99 탑골공원
3호선,종로3가,탑골공원,서울특별시 종로구 종로 99 탑골공원
3호선,종로3가,탑골공원,서울특별시 종로구 종로 99 탑골공원
5호선,종로3가,탑골공원,서울특별시 종로구 종로 99 탑골공원
5호선,종로3가,탑골공원,서울특별시 종로구 종로 99 탑골공원
6호선,화랑대,태릉,서울특별시 노원구 화랑로 727
1호선,의정부,태조이성계상,경기도 의정부시 의정부동
1호선,동묘앞,테지움 테디베어,서울특별시 종로구 지봉로 19 시즌빌딩 지하 1층
6호선,동묘앞,테지움 테디베어,서울특별시 종로구 지봉로 19 시즌빌딩 지하 1층
2호선,강변,테크노마트,서울특별시 광진구 광나루로56길 85 테크노-마트21
6호선,상수,트릭아이뮤지엄 서울,서울특별시 마포구 홍익로3길 20 지하2층
1호선,종로3가,파조교(6.10독립만세선창지),서울특별시 종로구 묘동
5호선,종로3가,파조교(6.10독립만세선창지),서울특별시 종로구 묘동
1호선,수원,팔달문,경기도 수원시 팔달구 정조로 780 팔달문
6호선,마포구청,평화의공원,서울특별시 마포구 상암동
7호선,온수,푸른수목원,서울특별시 구로구 연동로 240
5호선,천호,풍납토성,서울특별시 송파구 풍납동 72-1
8호선,천호,풍납토성,서울특별시 송파구 풍납동 72-1
7호선,강남구청,피규어뮤지엄w,서울특별시 강남구 선릉로158길 3 Ys Roo
6호선,월드컵경기장(성산)역,"하늘공원,노을공원, 평화공원, 월드컵공원",서울특별시 마포구 하늘공원로 108-1
7호선,상동,하이주 부천점,경기도 부천시 길주로 105 세이브존 백화점 4층
7호선,학동역,학동공원,서울특별시 강남구 논현동
5호선,천호,한강 시민공원,서울특별시 강동구 천호동
7호선,뚝섬유원지,한강 시민공원,서울특별시 광진구 강변북로 139
3호선,잠원,한강 시민공원,서울특별시 서초구 잠원동
2호선,잠실새내,한강 시민공원,서울특별시 송파구 한가람로 65 한강사업본부 잠실안내센터
5호선,여의나루,한강 시민공원,서울특별시 영등포구 여의동로 330 한강사업본부 여의도안내센터
4호선,이촌,한강 시민공원,서울특별시 용산구 이촌로72길 62 한강공원 이촌안내센터
5호선,여의나루,한강 유람선 선착장,서울특별시 영등포구 여의동로 280
9호선,염창,한강방어백골부대전적비,서울특별시 영등포구 양화동 153
8호선,암사,한강시민공원,서울특별시 강동구 선사로 83-66 한강사업본부 광나루안내센터
6호선,망원,한강시민공원,서울특별시 마포구 마포나루길 467 한강공원망원지구사무소
6호선,망원,한강시민공원 망원지구 수영장,서울특별시 마포구 망원동 312-6
7호선,반포역,한강시민공원 반포지구,서울특별시 서초구 신반포로11길 40 한강공원 반포 안내센터
6호선,이태원,한국 이슬람중앙성원,서울특별시 용산구 우사단로10길 39
7호선,숭실대입구,한국기독교박물관,서울특별시 동작구 상도로 369 숭실대학교
6호선,수색역,한국영상자료원,서울특별시 마포구 월드컵북로 400 문화콘텐츠센터
3호선,충무로,한국의 집,서울특별시 중구 퇴계로36길 10
4호선,충무로,한국의 집,서울특별시 중구 퇴계로36길 10
5호선,여의도,한국잡지박물관,서울특별시 영등포구 여의대방로67길 11
3호선,정발산,한아름딸기농원,경기도 고양시 일산동구 멱절길 324-21
1호선,종로3가,한양의원터,서울특별시 종로구 낙원동
5호선,종로3가,한양의원터,서울특별시 종로구 낙원동
3호선,남부터미널,한원미술관,서울특별시 서초구 남부순환로 2423
1호선,소요산,한탄이호왕박사기념관,경기도 동두천시 평화로2910번길 96 자유수호평화박물관
7호선,천왕,항동철길,서울특별시 구로구 오리로 1189
6호선,녹사평,해방촌,서울특별시 용산구 용산동2가
1호선,수원,행궁동벽화마을,경기도 수원시 팔달구 북수동
1호선,신창,향련원,충청남도 아산시 신창면 서부남로 813
9호선,가양,허준박물관,서울특별시 강서구 허준로 87
5호선,발산,허준박물관,서울특별시 강서구 허준로 87 허준박물관
3호선,양재,헌인릉,서울특별시 서초구 헌인릉길 36-10
1호선,방학,헬로애니멀,서울특별시 도봉구 마들로 650 도봉월드상가 1층 119호
9호선,동작,현충원,서울특별시 동작구 현충로 210
1호선,동두천중앙,현충탑,경기도 동두천시 생연동
4호선,한성대입구,혜화문,서울특별시 종로구 혜화동
2호선,신림,호림박물관,서울특별시 관악구 남부순환로152길 53 호림박물관
5호선,서대문,호암아트홀,서울특별시 중구 서소문로 88 서소문빌딩
6호선,상수,홍대거리,서울특별시 마포구 서교동
6호선,상수,홍대벽화거리,서울특별시 마포구 상수동 72-36
6호선,상수,홍대클럽거리,서울특별시 마포구 상수동
1호선,소요산,홍덕문선생추모비,경기도 동두천시 상봉암동 산32-1
6호선,마포구청,홍제천,서울특별시 마포구 성산동
4호선,초지,화랑유원지,경기도 안산시 단원구 동산로 268
1호선,화서,화서문,경기도 수원시 팔달구 장안동 334
1호선,수원,화성행궁,경기도 수원시 팔달구 정조로 825
2호선,신당,황학동 만물시장,서울특별시 중구 황학동
6호선,신당,황학동 만물시장,서울특별시 중구 황학동
1호선,회기,회기역파전골목,서울특별시 동대문구 회기로28길 8
1호선,회룡,회룡사(경기),경기도 의정부시 전좌로155번길 262
2호선,방배,효령대군묘,서울특별시 서초구 방배동 24-2
5호선,공덕,효창공원,서울특별시 용산구 효창동
6호선,효창공원앞,효창공원,서울특별시 용산구 효창동
4호선,동대문,흥인지문,서울특별시 종로구 종로 288 흥인지문
1호선,신평,다대포 해수욕장,부산광역시 사하구 다대동
1호선,하단,낙동강하류철새도래지,부산광역시 사하구 하단동 1212
1호선,하단,을숙도조각공원,부산광역시 사하구 하단동
1호선,하단,가덕도,부산광역시 강서구 천성동 산6-98
1호선,자갈치,자갈치,부산광역시 중구 자갈치해안로 52 자갈치시장
1호선,남포,태종대,부산광역시 영도구 전망로 24
1호선,남포,용두산공원,부산광역시 중구 용두산길 37-55
1호선,남포,BIFF광장,부산광역시 중구 남포길 10
1호선,남포,광복동패션거리,부산광역시 중구 광복로 72-1
1호선,남포,국제시장,부산광역시 중구 신창동4가
1호선,남포,창선동 먹자골목,부산광역시 중구 남포동5가
1호선,중앙,부산근대사역사관,부산광역시 중구 대청로 104
1호선,중앙,40계단문화관광테마거리,부산광역시 중구 중앙동4가
1호선,서면,삼광사,부산광역시 부산광역시진구 초읍천로43번길 77
1호선,서면,서면먹자골목,부산광역시 부산광역시진구 부전동
1호선,동래,동래읍성지 복천박물관,부산광역시 동래구 복천로 63 복천박물관
1호선,명륜,동래향교,부산광역시 동래구 명륜동
1호선,온천장,금강공원,부산광역시 동래구 우장춘로 175-146 칠성암
1호선,"온천장
",금강식물원,부산광역시 금정구 장전2동 산43-1
1호선,"온천장
",부산민속예술관,부산광역시 동래구 우장춘로 195-46 부산광역시민속예술관
1호선,"온천장
",부산해양자연사박물관,부산광역시 동래구 우장춘로 175 부산광역시해양자연사박물관
1호선,부산대,부산대앞 쇼핑거리,부산광역시 금정구 장전동
1호선,장정,한국순교자기념관,부산광역시 금정구 오륜대로 106-1
1호선,장정,회동수원지,부산광역시 금정구 회동동
1호선,구서,금정문화회관,부산광역시 금정구 체육공원로 7 금정문화회관(소공연장)
1호선,범어사,범어사,부산광역시 금정구 범어사로 250 범어사
1호선,범어사,금정산,경남 양산시 동면 가산리 산1-1
1호선,범어사,금정산성,부산광역시 금정구 금성동
1호선,노포,금정체육공원,부산광역시 금정구 체육공원로399번길 324 스포원파크
1호선,노포,금정경륜장,부산광역시 금정구 체육공원로399번길 324 스포원파크
2호선,장산,해동용궁사,부산광역시 기장군 기장읍 용궁길 86 해동용궁사
2호선,중동,달맞이고개,부산광역시 해운대구 달맞이길 190
2호선,해운대,해운대해수욕장,부산광역시 해운대구 우동
2호선,해운대,부산아쿠아리움,부산광역시 해운대구 해운대해변로 266
2호선,해운대,송정해수욕장,부산광역시 해운대구 송정동 712-2
2호선,해운대,기장대변항,부산광역시 기장군 기장읍 대변리
2호선,동백,동백섬 누리마루 APEC하우스,부산광역시 해운대구 우동 710-1
2호선,동백,시네마데크 부산,부산광역시 해운대구 수영강변대로 120
2호선,시림미술관,올림픽공원,부산광역시 해운대구 우동 1413-5
2호선,시림미술관,부산시립미술관,부산광역시 해운대구 APEC로 58 부산광역시시립미술관
2호선,시림미술관,부산영화촬영스튜디오,부산광역시 해운대구 해운대해변로 52
2호선,시림미술관,요트경기장,부산광역시 해운대구 해운대해변로 84
2호선,센텀시티,BEXCO,부산광역시 해운대구 APEC로 55
2호선,센텀시티,APEC 나루공원,부산광역시 해운대구 수영강변대로 93
2호선,광안,광안리 해수욕장,부산광역시 수영구 광안해변로 219
2호선,광안,광안대교,부산광역시 수영구 민락동
2호선,광안,오륙도,부산광역시 남구 용호동 936-941
2호선,대연,부산문화회관,부산광역시 남구 유엔평화로76번길 1 부산광역시문화회관
2호선,대연,부산박물관,부산광역시 남구 유엔평화로 63 부산광역시광역시시립박물관
2호선,대연,UN기념공원,부산광역시 남구 대연4동 799-14
3호선,종합운동장,부산아시아드 주경기장,부산광역시 연제구 월드컵대로 344 부산광역시아시아드주경기장
3호선,덕천,구포시장,부산광역시 북구 구포시장2길 7
3호선,체육공원,강서체육공원,부산광역시 강서구 대저1동 2158
4호선,충렬사,충렬사,부산광역시 동래구 충렬대로 347
4호선,반여농사물시장,반여농산물시장,부산광역시 해운대구 수영강변대로 626